{"RuleTriggered": 0, "Violations": 0, "Details": {"ratio": {"gpu_functions-dev:0": 54.2387256117493, "cpu_functions": 45.76127438825069}, "phase": {"Step:ModeKeys.TRAIN": 33.7613419295018, "others": 55.156461331242745, "Step:ModeKeys.EVAL": 11.08219673925545}, "phase_time": {}, "CPU": {"conv2d": 12.27478526012785, "convolution": 11.605982614308987, "_convolution": 11.246698650860356, "size": 2.5142448168757503, "cudnn_convolution": 7.100123331348761, "batch_norm": 4.091999991106565, "to": 23.0637159909454, "copy_": 23.621773668889904, "torch::autograd::AccumulateGrad": 4.480675675536442}, "CPU_total": {"conv2d": 2263540, "convolution": 2140209, "_convolution": 2073955, "size": 463641, "cudnn_convolution": 1309303, "batch_norm": 754588, "to": 4253080, "copy_": 4355989, "torch::autograd::AccumulateGrad": 826262}, "GPU": {"conv2d": 12.62456966861287, "convolution": 12.615432815442226, "_convolution": 12.60714690156029, "cudnn_convolution": 12.522297940060783, "batch_norm": 3.5198459026306272, "_batch_norm_impl_index": 3.512290593188489, "cudnn_batch_norm": 3.460000803664884, "to": 17.563558825798328, "copy_": 18.023603250845945, "torch::autograd::AccumulateGrad": 3.551253298195557}, "GPU_total": {"conv2d": 2937536, "convolution": 2935410, "_convolution": 2933482, "cudnn_convolution": 2913739, "batch_norm": 819012, "_batch_norm_impl_index": 817254, "cudnn_batch_norm": 805087, "to": 4086760, "copy_": 4193805, "torch::autograd::AccumulateGrad": 826320}, "general": {"Forward": 100.0}}, "Datapoints": 0, "RuleParameters": ""}