{"RuleTriggered": 0, "Violations": 0, "Details": {"Network": {"algo-1": {"max": 84379959.95, "p99": 139.87, "p95": 0, "p50": 0, "min": 0}}, "GPU": {"algo-1": {"max": 100.0, "p99": 100.0, "p95": 100.0, "p50": 5.0, "min": 0}}, "CPU": {"algo-1": {"max": 97.48, "p99": 93.43, "p95": 84.98, "p50": 42.35, "min": 0}}, "CPU memory": {"algo-1": {"max": 32.49, "p99": 30.62, "p95": 26.49, "p50": 23.44, "min": 5.26}}, "GPU memory": {"algo-1": {"max": 100.0, "p99": 99.0, "p95": 95.0, "p50": 0, "min": 0}}, "I/O": {"algo-1": {"max": 58.86, "p99": 35.67, "p95": 23.96, "p50": 0, "min": 0}}}, "Datapoints": 1649, "RuleParameters": ""}